species_id,spawn_file,spawn_id,context,bucket,weight,level,dimensions,biomes
"cobblemon:abomasnow","datapacks/CCC_1.9.2/data/cobblemon/spawn_pool_world/0460_abomasnow.json","abomasnow-1","grounded","uncommon","7.0","42-55","minecraft:overworld","#cobblemon:is_snowy_taiga|#cobblemon:is_snowy_forest"
"cobblemon:applin","datapacks/CCC_1.9.2/data/cobblemon/spawn_pool_world/0840_applin.json","applin-1","grounded","rare","6.8","15-20","minecraft:overworld","#cobblemon:is_forest"
"cobblemon:arcanine","datapacks/CCC_1.9.2/data/cobblemon/spawn_pool_world/0059_arcanine_hisuian.json","arcanine-hisuian-1","grounded","uncommon","2","25-55","minecraft:overworld","#cobblemon:is_mountain"
"cobblemon:arcanine","datapacks/CCC_1.9.2/data/cobblemon/spawn_pool_world/0059_arcanine_hisuian.json","arcanine-hisuian-2","grounded","uncommon","2.25","25-55","minecraft:overworld","#cobblemon:is_volcanic"
"cobblemon:arcanine","datapacks/CCC_1.9.2/data/cobblemon/spawn_pool_world/0059_arcanine_hisuian.json","arcanine-hisuian-3","grounded","uncommon","2","25-55","minecraft:the_nether","#minecraft:is_nether"
"cobblemon:arctibax","datapacks/CCC_1.9.2/data/cobblemon/spawn_pool_world/0997_arctibax.json","arctibax-1","grounded","rare","2.5","38-57","minecraft:overworld","#cobblemon:is_glacial"
"cobblemon:ariados","datapacks/Academy/data/cobblemon/spawn_pool_world/0168_ariados.json","ariados-1","grounded","common","0.6","22-40","minecraft:overworld","#cobblemon:is_forest|#cobblemon:is_jungle|#cobblemon:is_spooky"
"cobblemon:ariados","datapacks/Academy/data/cobblemon/spawn_pool_world/0168_ariados.json","ariados-2","grounded","common","0.2","22-40","minecraft:overworld|minecraft:the_end","#cobblemon:is_overworld|#cobblemon:is_end"
"cobblemon:ariados","datapacks/Academy/data/cobblemon/spawn_pool_world/0168_ariados.json","ariados-3","grounded","common","0.6","22-40","minecraft:overworld","#cobblemon:is_overworld"
"cobblemon:ariados","datapacks/Academy/data/cobblemon/spawn_pool_world/0168_ariados.json","ariados-4","grounded","common","1.0","22-40","minecraft:overworld",""
"cobblemon:ariados","datapacks/Academy/data/cobblemon/spawn_pool_world/0168_ariados.json","ariados-5","grounded","common","1.0","22-40","minecraft:overworld","#cobblemon:is_overworld"
"cobblemon:aromatisse","datapacks/CCC_1.9.2/data/cobblemon/spawn_pool_world/0683_aromatisse.json","aromatisse-1","grounded","rare","2.75","35-65","aether:the_aether","#cobblemon:is_aether"
"cobblemon:audino","datapacks/CCC_1.9.2/data/cobblemon/spawn_pool_world/0531_audino.json","audino-1","grounded","rare","5.0","19-47","minecraft:overworld","#cobblemon:is_plains|#cobblemon:is_highlands|#cobblemon:is_forest"
"cobblemon:avalugg","datapacks/CCC_1.9.2/data/cobblemon/spawn_pool_world/0713_avalugg_hisuian.json","avalugg-hisuian-1","grounded","uncommon","8.0","30-60","minecraft:overworld","minecraft:jagged_peaks|minecraft:frozen_peaks|minecraft:snowy_slopes|terralith:emerald_peaks|terralith:scarlet_mountains|wythers:snowy_peaks"
"cobblemon:avalugg","datapacks/CCC_1.9.2/data/cobblemon/spawn_pool_world/0713_avalugg_hisuian.json","avalugg-hisuian-2","grounded","rare","8.0","30-60","minecraft:overworld","#cobblemon:is_snowy_forest"
"cobblemon:baxcalibur","datapacks/CCC_1.9.2/data/cobblemon/spawn_pool_world/0998_baxcalibur.json","baxcalibur-1","grounded","ultra-rare","4.0","58-67","minecraft:overworld","#cobblemon:is_glacial"
"cobblemon:beautifly","datapacks/CCC_1.9.2/data/cobblemon/spawn_pool_world/0267_beautifly.json","beautifly-1","grounded","common","1","10-35","minecraft:overworld","#cobblemon:is_forest|#cobblemon:is_jungle"
"cobblemon:bisharp","datapacks/CCC_1.9.2/data/cobblemon/spawn_pool_world/0625_bisharp.json","bisharp-1","grounded","rare","2.0","38-65","minecraft:overworld","#cobblemon:is_bamboo"
"cobblemon:blacephalon","datapacks/CCC_1.9.2/data/ultra_beasts_spawns/spawn_pool_world/0806_blacephalon.json","blacephalon-1","grounded","ultra-rare","0.2","15-32","minecraft:overworld","#cobblemon:is_spooky"
"cobblemon:blipbug","datapacks/CCC_1.9.2/data/cobblemon/spawn_pool_world/0824_blipbug.json","blipbug-1","grounded","common","7.0","2-19","minecraft:overworld","#cobblemon:is_forest"
"cobblemon:blipbug","datapacks/CCC_1.9.2/data/cobblemon/spawn_pool_world/0824_blipbug.json","blipbug-2","grounded","common","7.0","2-19","minecraft:overworld","#cobblemon:is_plains"
"cobblemon:bombirdier","datapacks/CCC_1.9.2/data/cobblemon/spawn_pool_world/0962_bombirdier.json","bombirdier-1","grounded","common","4.25","25-44","minecraft:overworld","#cobblemon:is_plains"
"cobblemon:braviary","datapacks/CCC_1.9.2/data/cobblemon/spawn_pool_world/0628_braviary_hisuian.json","braviary-hisui-1","grounded","uncommon","0.6","54-59","minecraft:overworld","#cobblemon:is_snowy|#cobblemon:is_mountain"
"cobblemon:brutebonnet","datapacks/CCC_1.9.2/data/paradox_spawns/spawn_pool_world/0986_brutebonnet.json","brutebonnet-1","grounded","ultra-rare","0.3","50","minecraft:overworld","#cobblemon:is_jungle"
"cobblemon:burmy","datapacks/CCC_1.9.2/data/cobblemon/spawn_pool_world/0412_burmy.json","burmy-1","grounded","common","5.0","10-25","minecraft:overworld","#cobblemon:is_forest|#cobblemon:is_plains|#cobblemon:is_jungle|#cobblemon:is_tropical_island"
"cobblemon:burmy","datapacks/CCC_1.9.2/data/cobblemon/spawn_pool_world/0412_burmy.json","burmy-3","grounded","common","2","5-19","minecraft:overworld","#cobblemon:is_arid"
"cobblemon:burmy","datapacks/CCC_1.9.2/data/cobblemon/spawn_pool_world/0412_burmy.json","burmy-4","grounded","common","2","5-19","minecraft:overworld","#cobblemon:is_floral"
"cobblemon:buzzwole","datapacks/CCC_1.9.2/data/ultra_beasts_spawns/spawn_pool_world/0794_buzzwole.json","buzzwole-1","grounded","ultra-rare","0.2","70-100","minecraft:overworld","#cobblemon:is_swamp"
"cobblemon:carkol","datapacks/CCC_1.9.2/data/cobblemon/spawn_pool_world/0838_carkol.json","carkol-1","grounded","common","10","27-31","minecraft:overworld","#cobblemon:is_cave|#cobblemon:is_mountain"
"cobblemon:carkol","datapacks/CCC_1.9.2/data/cobblemon/spawn_pool_world/0838_carkol.json","carkol-2","grounded","uncommon","10","27-31","minecraft:overworld","#cobblemon:is_cave|#cobblemon:is_mountain"
"cobblemon:cascoon","datapacks/CCC_1.9.2/data/cobblemon/spawn_pool_world/0268_cascoon.json","cascoon-1","grounded","common","1.5","7-21","minecraft:overworld","#cobblemon:is_forest|#cobblemon:is_jungle"
"cobblemon:castform","datapacks/CCC_1.9.2/data/cobblemon/spawn_pool_world/0351_castform.json","castform-1","grounded","uncommon","2","15-65","minecraft:overworld","#cobblemon:is_beach|#cobblemon:is_plains"
"cobblemon:castform","datapacks/CCC_1.9.2/data/cobblemon/spawn_pool_world/0351_castform.json","castform-2","grounded","uncommon","2","15-65","minecraft:overworld","#cobblemon:is_freezing"
"cobblemon:castform","datapacks/CCC_1.9.2/data/cobblemon/spawn_pool_world/0351_castform.json","castform-3","grounded","uncommon","2","15-65","minecraft:overworld","#cobblemon:is_arid"
"cobblemon:castform","datapacks/CCC_1.9.2/data/cobblemon/spawn_pool_world/0351_castform.json","castform-4","grounded","uncommon","2","15-65","minecraft:overworld","#minecraft:is_overworld"
"cobblemon:celesteela","datapacks/CCC_1.9.2/data/ultra_beasts_spawns/spawn_pool_world/0797_celesteela.json","celesteela-1","grounded","ultra-rare","0.05","70-100","minecraft:the_end","#minecraft:is_end"
"cobblemon:charjabug","datapacks/CCC_1.9.2/data/cobblemon/spawn_pool_world/0737_charjabug.json","charjabug-1","grounded","common","2.0","20-35","minecraft:overworld","#cobblemon:is_forest|#cobblemon:is_jungle"
"cobblemon:cherrim","datapacks/CCC_1.9.2/data/cobblemon/spawn_pool_world/0421_cherrim.json","cherrim-1","grounded","uncommon","1.0","25-36","minecraft:overworld","#cobblemon:is_forest|#cobblemon:is_jungle|#cobblemon:is_taiga"
"cobblemon:cherrim","datapacks/CCC_1.9.2/data/cobblemon/spawn_pool_world/0421_cherrim.json","cherrim-2","grounded","uncommon","1.0","25-36","minecraft:overworld","#cobblemon:is_forest|#cobblemon:is_jungle|#cobblemon:is_taiga"
"cobblemon:cherubi","datapacks/CCC_1.9.2/data/cobblemon/spawn_pool_world/0420_cherubi.json","cherubi-1","grounded","common","2.0","4-25","minecraft:overworld","#cobblemon:is_forest|#cobblemon:is_jungle|#cobblemon:is_taiga"
"cobblemon:coalossal","datapacks/CCC_1.9.2/data/cobblemon/spawn_pool_world/0839_coalossal.json","coalossal-1","grounded","rare","2","36-47","minecraft:overworld","#cobblemon:is_cave|#cobblemon:is_mountain"
"cobblemon:coalossal","datapacks/CCC_1.9.2/data/cobblemon/spawn_pool_world/0839_coalossal.json","coalossal-2","grounded","ultra-rare","2","36-47","minecraft:overworld","#cobblemon:is_cave|#cobblemon:is_mountain"
"cobblemon:corsola","datapacks/CCC_1.9.2/data/cobblemon/spawn_pool_world/0222_corsola_galarian.json","corsola-galarian","submerged","rare","10.0","28-45","minecraft:overworld","#minecraft:is_ocean"
"cobblemon:corsola","datapacks/CCC_1.9.2/data/cobblemon/spawn_pool_world/0222_corsola_galarian.json","corsola-galarian-2","submerged","uncommon","9.2","15-60","minecraft:overworld","#cobblemon:is_warm_ocean"
"cobblemon:crobat","datapacks/Academy/data/cobblemon/spawn_pool_world/0169_crobat.json","crobat-1","grounded","common","0.02","41-54","minecraft:overworld","#cobblemon:is_forest|#cobblemon:is_swamp"
"cobblemon:crobat","datapacks/Academy/data/cobblemon/spawn_pool_world/0169_crobat.json","crobat-3","grounded","common","0.02","41-54","minecraft:overworld","#cobblemon:is_forest|#cobblemon:is_swamp"
"cobblemon:crobat","datapacks/Academy/data/cobblemon/spawn_pool_world/0169_crobat.json","crobat-4","grounded","common","0.1","41-54","minecraft:overworld|minecraft:the_end","#cobblemon:is_overworld|#cobblemon:is_end"
"cobblemon:crobat","datapacks/Academy/data/cobblemon/spawn_pool_world/0169_crobat.json","crobat-5","grounded","uncommon","0.08","41-54","minecraft:overworld","#cobblemon:is_overworld"
"cobblemon:crobat","datapacks/Academy/data/cobblemon/spawn_pool_world/0169_crobat.json","crobat-6","grounded","common","0.1","41-54","minecraft:overworld","#cobblemon:is_spooky"
"cobblemon:crobat","datapacks/Academy/data/cobblemon/spawn_pool_world/0169_crobat.json","crobat-8","grounded","uncommon","0.08","41-54","minecraft:overworld","#cobblemon:is_deep_dark"
"cobblemon:crobat","datapacks/Academy/data/cobblemon/spawn_pool_world/0169_crobat.json","crobat-9","grounded","common","0.1","41-54","aether:the_aether","#aether:is_aether"
"cobblemon:darmanitan","datapacks/CCC_1.9.2/data/cobblemon/spawn_pool_world/0555_darmanitan_galarian.json","darmanitan-galarian-1","grounded","uncommon","3.5","35-60","minecraft:overworld","#cobblemon:is_snowy"
"cobblemon:darumaka","datapacks/CCC_1.9.2/data/cobblemon/spawn_pool_world/0554_darumaka_galarian.json","darumaka-galarian-1","grounded","uncommon","6.0","7-32","minecraft:overworld","#cobblemon:is_snowy"
"cobblemon:delcatty","datapacks/CCC_1.9.2/data/cobblemon/spawn_pool_world/0301_delcatty.json","delcatty-1","grounded","uncommon","3.0","15-55","minecraft:overworld","#cobblemon:is_overworld"
"cobblemon:delcatty","datapacks/CCC_1.9.2/data/cobblemon/spawn_pool_world/0301_delcatty.json","delcatty-2","grounded","uncommon","3.0","15-55","minecraft:overworld","#cobblemon:is_arid"
"cobblemon:delcatty","datapacks/CCC_1.9.2/data/cobblemon/spawn_pool_world/0301_delcatty.json","delcatty-3","grounded","uncommon","4.0","15-55","minecraft:overworld","minecraft:cherry_grove"
"cobblemon:diglett","datapacks/Academy/data/cobblemon/spawn_pool_world/0050_diglett.json","diglett-1","grounded","common","9.0","2-27","minecraft:overworld|minecraft:the_end","#cobblemon:is_overworld|#cobblemon:is_end"
"cobblemon:diglett","datapacks/Academy/data/cobblemon/spawn_pool_world/0050_diglett.json","diglett-alolan-2","grounded","common","9.0","2-27","minecraft:overworld","#cobblemon:is_overworld"
"cobblemon:ditto","datapacks/Academy/data/cobblemon/spawn_pool_world/0132_ditto.json","ditto-1","None","ultra-rare","2.0","4-29","minecraft:overworld","#cobblemon:is_overworld"
"cobblemon:ditto","datapacks/Academy/data/cobblemon/spawn_pool_world/0132_ditto.json","ditto-2","None","ultra-rare","3.0","4-29","minecraft:overworld","#cobblemon:is_overworld"
"cobblemon:ditto","datapacks/Academy/data/cobblemon/spawn_pool_world/0132_ditto.json","ditto-3","None","ultra-rare","4.0","4-29","minecraft:overworld","#cobblemon:is_overworld"
"cobblemon:dottler","datapacks/CCC_1.9.2/data/cobblemon/spawn_pool_world/0825_dottler.json","dottler-1","grounded","uncommon","2.0","9-20","minecraft:overworld","#cobblemon:is_forest"
"cobblemon:dottler","datapacks/CCC_1.9.2/data/cobblemon/spawn_pool_world/0825_dottler.json","dottler-2","grounded","uncommon","2.0","9-20","minecraft:overworld","#cobblemon:is_plains"
"cobblemon:dugtrio","datapacks/Academy/data/cobblemon/spawn_pool_world/0051_dugtrio.json","dugtrio-1","grounded","common","1.0","26-43","minecraft:overworld|minecraft:the_end","#cobblemon:is_overworld|#cobblemon:is_end"
"cobblemon:dugtrio","datapacks/Academy/data/cobblemon/spawn_pool_world/0051_dugtrio.json","dugtrio-alolan-2","grounded","common","1.0","26-43","minecraft:overworld|minecraft:the_end","#cobblemon:is_overworld|#cobblemon:is_end"
"cobblemon:duraludon","datapacks/CCC_1.9.2/data/cobblemon/spawn_pool_world/0884_duraludon.json","duraludon-1","grounded","rare","8.06","38-48","minecraft:overworld","#cobblemon:is_overworld"
"cobblemon:duraludon","datapacks/CCC_1.9.2/data/cobblemon/spawn_pool_world/0884_duraludon.json","duraludon-2","grounded","rare","7.5","38-48","minecraft:overworld","#cobblemon:is_taiga"
"cobblemon:dustox","datapacks/CCC_1.9.2/data/cobblemon/spawn_pool_world/0269_dustox.json","dustox-1","grounded","common","1","10-35","minecraft:overworld","#cobblemon:is_forest|#cobblemon:is_jungle"
"cobblemon:eevee","datapacks/Academy/data/cobblemon/spawn_pool_world/0133_eevee.json","eevee-1","grounded","ultra-rare","2.4","5-33","minecraft:overworld","#cobblemon:is_overworld"
"cobblemon:eevee","datapacks/Academy/data/cobblemon/spawn_pool_world/0133_eevee.json","eevee-2","grounded","rare","3.0","5-33","aether:the_aether","#aether:is_aether|#cobblemon:is_temperate"
"cobblemon:eevee","datapacks/Academy/data/cobblemon/spawn_pool_world/0133_eevee.json","eevee-3","grounded","rare","3.84","5-33","minecraft:overworld","#cobblemon:is_overworld"
"cobblemon:eevee","datapacks/Academy/data/cobblemon/spawn_pool_world/0133_eevee.json","eevee-4","grounded","rare","2.84","5-33","minecraft:overworld","#cobblemon:is_overworld"
"cobblemon:eevee","datapacks/Academy/data/cobblemon/spawn_pool_world/0133_eevee.json","eevee-5","grounded","rare","2.2","5-33","minecraft:overworld","#cobblemon:is_overworld"
"cobblemon:fluttermane","datapacks/CCC_1.9.2/data/paradox_spawns/spawn_pool_world/0987_fluttermane.json","fluttermane-1","grounded","ultra-rare","0.3","48-80","minecraft:overworld","#cobblemon:is_dripstone"
"cobblemon:frigibax","datapacks/CCC_1.9.2/data/cobblemon/spawn_pool_world/0996_frigibax.json","frigibax-1","grounded","rare","5.0","28-37","minecraft:overworld","#cobblemon:is_glacial"
"cobblemon:frosmoth","datapacks/CCC_1.9.2/data/cobblemon/spawn_pool_world/0873_frosmoth.json","frosmoth-1","grounded","uncommon","2.4","15-38","minecraft:overworld","#cobblemon:is_tundra"
"cobblemon:gabite","datapacks/Academy/data/cobblemon/spawn_pool_world/0444_gabite.json","gabite-1","grounded","rare","2.25","24-47","minecraft:overworld","#cobblemon:is_badlands|#cobblemon:is_mountain"
"cobblemon:gabite","datapacks/Academy/data/cobblemon/spawn_pool_world/0444_gabite.json","gabite-2","grounded","ultra-rare","3.6","24-47","minecraft:overworld","#cobblemon:is_badlands|#cobblemon:is_mountain"
"cobblemon:gabite","datapacks/Academy/data/cobblemon/spawn_pool_world/0444_gabite.json","gabite-3","grounded","ultra-rare","3.6","24-47","minecraft:overworld|minecraft:the_end","#cobblemon:is_overworld|#cobblemon:is_end"
"cobblemon:gabite","datapacks/Academy/data/cobblemon/spawn_pool_world/0444_gabite.json","gabite-4","grounded","rare","2.25","24-47","aether:the_aether","#aether:is_aether"
"cobblemon:galvantula","datapacks/Academy/data/cobblemon/spawn_pool_world/0596_galvantula.json","galvantula-1","grounded","common","0.6","36-47","minecraft:overworld","#cobblemon:is_badlands|#cobblemon:is_jungle|#cobblemon:is_savanna"
"cobblemon:galvantula","datapacks/Academy/data/cobblemon/spawn_pool_world/0596_galvantula.json","galvantula-2","grounded","common","0.6","36-47","minecraft:overworld|minecraft:the_end","#cobblemon:is_overworld|#cobblemon:is_end"
"cobblemon:galvantula","datapacks/Academy/data/cobblemon/spawn_pool_world/0596_galvantula.json","galvantula-3","grounded","common","1.0","36-47","minecraft:overworld",""
"cobblemon:garchomp","datapacks/Academy/data/cobblemon/spawn_pool_world/0445_garchomp.json","garchomp-1","grounded","rare","0.25","48-60","minecraft:overworld","#cobblemon:is_badlands|#cobblemon:is_mountain"
"cobblemon:garchomp","datapacks/Academy/data/cobblemon/spawn_pool_world/0445_garchomp.json","garchomp-2","grounded","ultra-rare","0.4","48-60","minecraft:overworld","#cobblemon:is_badlands|#cobblemon:is_mountain"
"cobblemon:garchomp","datapacks/Academy/data/cobblemon/spawn_pool_world/0445_garchomp.json","garchomp-3","grounded","ultra-rare","0.4","48-60","minecraft:overworld|minecraft:the_end","#cobblemon:is_overworld|#cobblemon:is_end"
"cobblemon:garchomp","datapacks/Academy/data/cobblemon/spawn_pool_world/0445_garchomp.json","garchomp-4","grounded","rare","0.25","48-60","aether:the_aether","#aether:is_aether"
"cobblemon:gastly","datapacks/Academy/data/cobblemon/spawn_pool_world/0092_gastly.json","gastly-1","grounded","common","9.0","6-31","aether:the_aether|minecraft:overworld|minecraft:the_end","#aether:is_aether|#cobblemon:is_overworld|#cobblemon:is_end"
"cobblemon:gastly","datapacks/Academy/data/cobblemon/spawn_pool_world/0092_gastly.json","gastly-2","grounded","uncommon","5.04","6-31","minecraft:overworld","#cobblemon:is_overworld"
"cobblemon:gastly","datapacks/Academy/data/cobblemon/spawn_pool_world/0092_gastly.json","gastly-3","grounded","common","9.0","6-31","minecraft:overworld","#cobblemon:is_spooky"
"cobblemon:gastly","datapacks/Academy/data/cobblemon/spawn_pool_world/0092_gastly.json","gastly-4","grounded","common","9.0","6-31","minecraft:the_nether","#minecraft:is_nether"
"cobblemon:gengar","datapacks/Academy/data/cobblemon/spawn_pool_world/0094_gengar.json","gengar-1","grounded","common","0.05","36-50","aether:the_aether|minecraft:overworld|minecraft:the_end","#aether:is_aether|#cobblemon:is_overworld|#cobblemon:is_end"
"cobblemon:gengar","datapacks/Academy/data/cobblemon/spawn_pool_world/0094_gengar.json","gengar-2","grounded","uncommon","0.048","36-50","minecraft:overworld","#cobblemon:is_overworld"
"cobblemon:gengar","datapacks/Academy/data/cobblemon/spawn_pool_world/0094_gengar.json","gengar-3","grounded","common","0.05","36-50","minecraft:overworld","#cobblemon:is_spooky"
"cobblemon:gengar","datapacks/Academy/data/cobblemon/spawn_pool_world/0094_gengar.json","gengar-4","grounded","common","0.05","36-50","minecraft:the_nether","#minecraft:is_nether"
"cobblemon:geodude","datapacks/Academy/data/cobblemon/spawn_pool_world/0074_geodude.json","geodude-1","grounded","common","9.0","5-30","minecraft:overworld","#cobblemon:is_mountain"
"cobblemon:geodude","datapacks/Academy/data/cobblemon/spawn_pool_world/0074_geodude.json","geodude-2","grounded","common","9.0","5-30","minecraft:overworld","#cobblemon:is_overworld"
"cobblemon:geodude","datapacks/Academy/data/cobblemon/spawn_pool_world/0074_geodude.json","geodude-alolan-3","grounded","common","9.0","5-30","minecraft:overworld","#cobblemon:is_overworld"
"cobblemon:gible","datapacks/Academy/data/cobblemon/spawn_pool_world/0443_gible.json","gible-1","grounded","rare","7.5","5-30","minecraft:overworld","#cobblemon:is_badlands|#cobblemon:is_mountain"
"cobblemon:gible","datapacks/Academy/data/cobblemon/spawn_pool_world/0443_gible.json","gible-2","grounded","ultra-rare","6.0","5-30","minecraft:overworld","#cobblemon:is_badlands|#cobblemon:is_mountain"
"cobblemon:gible","datapacks/Academy/data/cobblemon/spawn_pool_world/0443_gible.json","gible-3","grounded","ultra-rare","6.0","5-30","minecraft:overworld|minecraft:the_end","#cobblemon:is_overworld|#cobblemon:is_end"
"cobblemon:gible","datapacks/Academy/data/cobblemon/spawn_pool_world/0443_gible.json","gible-4","grounded","rare","7.5","5-30","aether:the_aether","#aether:is_aether"
"cobblemon:gimmighoul","datapacks/Academy/data/cobblemon/spawn_pool_world/0999_gimmighoul.json","gimmighoul-roaming-1","grounded","rare","60.0","5-30","minecraft:overworld","#cobblemon:is_overworld"
"cobblemon:gimmighoul","datapacks/Academy/data/cobblemon/spawn_pool_world/0999_gimmighoul.json","gimmighoul-roaming-2","grounded","rare","100.0","5-30","minecraft:overworld","#cobblemon:is_overworld"
"cobblemon:gimmighoul","datapacks/Academy/data/cobblemon/spawn_pool_world/0999_gimmighoul.json","gimmighoul-roaming-3","grounded","uncommon","10.0","5-30","aether:the_aether","#aether:is_aether"
"cobblemon:gimmighoul","datapacks/Academy/data/cobblemon/spawn_pool_world/0999_gimmighoul.json","gimmighoul-chest-4","grounded","rare","60.0","5-30","minecraft:overworld","#cobblemon:is_overworld"
"cobblemon:gimmighoul","datapacks/Academy/data/cobblemon/spawn_pool_world/0999_gimmighoul.json","gimmighoul-chest-5","grounded","rare","100.0","5-30","minecraft:overworld","#cobblemon:is_overworld"
"cobblemon:gimmighoul","datapacks/Academy/data/cobblemon/spawn_pool_world/0999_gimmighoul.json","gimmighoul-chest-6","grounded","rare","10.0","5-30","aether:the_aether","#aether:is_aether"
"cobblemon:golbat","datapacks/Academy/data/cobblemon/spawn_pool_world/0042_golbat.json","golbat-1","grounded","common","0.18","22-46","minecraft:overworld","#cobblemon:is_forest|#cobblemon:is_swamp"
"cobblemon:golbat","datapacks/Academy/data/cobblemon/spawn_pool_world/0042_golbat.json","golbat-3","grounded","common","0.18","22-46","minecraft:overworld","#cobblemon:is_forest|#cobblemon:is_swamp"
"cobblemon:golbat","datapacks/Academy/data/cobblemon/spawn_pool_world/0042_golbat.json","golbat-4","grounded","common","0.9","22-46","minecraft:overworld|minecraft:the_end","#cobblemon:is_overworld|#cobblemon:is_end"
"cobblemon:golbat","datapacks/Academy/data/cobblemon/spawn_pool_world/0042_golbat.json","golbat-5","grounded","uncommon","1.52","22-46","minecraft:overworld","#cobblemon:is_overworld"
"cobblemon:golbat","datapacks/Academy/data/cobblemon/spawn_pool_world/0042_golbat.json","golbat-6","grounded","common","0.9","22-46","minecraft:overworld","#cobblemon:is_spooky"
"cobblemon:golbat","datapacks/Academy/data/cobblemon/spawn_pool_world/0042_golbat.json","golbat-8","grounded","uncommon","1.52","22-46","minecraft:overworld","#cobblemon:is_deep_dark"
"cobblemon:golbat","datapacks/Academy/data/cobblemon/spawn_pool_world/0042_golbat.json","golbat-9","grounded","common","0.9","22-46","aether:the_aether","#aether:is_aether"
"cobblemon:golem","datapacks/Academy/data/cobblemon/spawn_pool_world/0076_golem.json","golem-1","grounded","common","0.05","34-50","minecraft:overworld","#cobblemon:is_mountain"
"cobblemon:golem","datapacks/Academy/data/cobblemon/spawn_pool_world/0076_golem.json","golem-2","grounded","common","0.05","34-50","minecraft:overworld|minecraft:the_end","#cobblemon:is_overworld|#cobblemon:is_end"
"cobblemon:golem","datapacks/Academy/data/cobblemon/spawn_pool_world/0076_golem.json","golem-alolan-3","grounded","common","0.05","34-50","minecraft:overworld","#cobblemon:is_overworld"
"cobblemon:gougingfire","datapacks/CCC_1.9.2/data/paradox_spawns/spawn_pool_world/1020_gougingfire.json","gougingfire-1","grounded","ultra-rare","0.2","65-80","minecraft:overworld","#cobblemon:is_deep_dark"
"cobblemon:graveler","datapacks/Academy/data/cobblemon/spawn_pool_world/0075_graveler.json","graveler-1","grounded","common","0.95","25-39","minecraft:overworld","#cobblemon:is_mountain"
"cobblemon:graveler","datapacks/Academy/data/cobblemon/spawn_pool_world/0075_graveler.json","graveler-2","grounded","common","0.95","25-39","minecraft:overworld|minecraft:the_end","#cobblemon:is_overworld|#cobblemon:is_end"
"cobblemon:graveler","datapacks/Academy/data/cobblemon/spawn_pool_world/0075_graveler.json","graveler-alolan-3","grounded","common","0.95","25-39","minecraft:overworld|minecraft:the_end","#cobblemon:is_overworld|#cobblemon:is_end"
"cobblemon:greattusk","datapacks/CCC_1.9.2/data/paradox_spawns/spawn_pool_world/0984_greattusk.json","greattusk-1","grounded","ultra-rare","0.3","50","minecraft:overworld","#cobblemon:is_arid"
"cobblemon:greavard","datapacks/CCC_1.9.2/data/cobblemon/spawn_pool_world/0971_greavard.json","greavard-1","grounded","rare","10","3-33","minecraft:overworld","minecraft:soul_sand_valley|minecraft:basalt_deltas|terralith:haunted_forest|terralith:haunted_mire|regions_unexplored:haunted_forest"
"cobblemon:grimer","datapacks/CCC_1.9.2/data/cobblemon/spawn_pool_world/0088_grimer_alolan.json","grimer-2","grounded","common","10.0","14-37","minecraft:overworld","#minecraft:is_beach"
"cobblemon:growlithe","datapacks/CCC_1.9.2/data/cobblemon/spawn_pool_world/0058_growlithe_hisuian.json","growlithe-hisuian-1","grounded","common","3.5","10-35","minecraft:overworld","#cobblemon:is_mountain"
"cobblemon:growlithe","datapacks/CCC_1.9.2/data/cobblemon/spawn_pool_world/0058_growlithe_hisuian.json","growlithe-hisuian-2","grounded","common","4","10-40","minecraft:overworld","#cobblemon:is_volcanic"
"cobblemon:growlithe","datapacks/CCC_1.9.2/data/cobblemon/spawn_pool_world/0058_growlithe_hisuian.json","growlithe-hisuian-3","grounded","common","3.5","10-35","minecraft:the_nether","#minecraft:is_nether"
"cobblemon:grubbin","datapacks/CCC_1.9.2/data/cobblemon/spawn_pool_world/0736_grubbin.json","grubbin-1","grounded","common","2.0","7-21","minecraft:overworld","#cobblemon:is_forest|#cobblemon:is_jungle"
"cobblemon:gulpin","datapacks/CCC_1.9.2/data/cobblemon/spawn_pool_world/0316_gulpin.json","deeper-gulpin-1","grounded","uncommon","9.2","13-28","minecraft:overworld","deeperdarker:blooming_caverns"
"cobblemon:guzzlord","datapacks/CCC_1.9.2/data/ultra_beasts_spawns/spawn_pool_world/0799_guzzlord.json","guzzlord-1","grounded","rare","0.2","70-90","minecraft:the_end","#minecraft:is_end"
"cobblemon:haunter","datapacks/Academy/data/cobblemon/spawn_pool_world/0093_haunter.json","haunter-1","grounded","common","0.95","25-41","aether:the_aether|minecraft:overworld|minecraft:the_end","#aether:is_aether|#cobblemon:is_overworld|#cobblemon:is_end"
"cobblemon:haunter","datapacks/Academy/data/cobblemon/spawn_pool_world/0093_haunter.json","haunter-2","grounded","uncommon","0.712","25-41","minecraft:overworld","#cobblemon:is_overworld"
"cobblemon:haunter","datapacks/Academy/data/cobblemon/spawn_pool_world/0093_haunter.json","haunter-3","grounded","common","0.95","25-41","minecraft:overworld","#cobblemon:is_spooky"
"cobblemon:haunter","datapacks/Academy/data/cobblemon/spawn_pool_world/0093_haunter.json","haunter-4","grounded","common","0.95","25-41","minecraft:the_nether","#minecraft:is_nether"
"cobblemon:heliolisk","datapacks/CCC_1.9.2/data/cobblemon/spawn_pool_world/0695_heliolisk.json","heliolisk-1","grounded","uncommon","3","33-54","minecraft:overworld","minecraft:desert"
"cobblemon:heliolisk","datapacks/CCC_1.9.2/data/cobblemon/spawn_pool_world/0695_heliolisk.json","heliolisk-2","grounded","uncommon","3","33-54","minecraft:overworld","minecraft:savanna"
"cobblemon:heliolisk","datapacks/CCC_1.9.2/data/cobblemon/spawn_pool_world/0695_heliolisk.json","heliolisk-3","grounded","uncommon","3","33-54","minecraft:overworld","minecraft:badlands"
"cobblemon:helioptile","datapacks/CCC_1.9.2/data/cobblemon/spawn_pool_world/0694_helioptile.json","helioptile-1","grounded","uncommon","7","10-30","minecraft:overworld","minecraft:desert"
"cobblemon:helioptile","datapacks/CCC_1.9.2/data/cobblemon/spawn_pool_world/0694_helioptile.json","helioptile-2","grounded","uncommon","7","10-30","minecraft:overworld","minecraft:savanna"
"cobblemon:helioptile","datapacks/CCC_1.9.2/data/cobblemon/spawn_pool_world/0694_helioptile.json","helioptile-3","grounded","uncommon","7","10-30","minecraft:overworld","minecraft:badlands"
"cobblemon:houndstone","datapacks/CCC_1.9.2/data/cobblemon/spawn_pool_world/0972_houndstone.json","houndstone-1","grounded","rare","1","35-53","minecraft:overworld","minecraft:soul_sand_valley|minecraft:basalt_deltas|terralith:haunted_forest|terralith:haunted_mire|regions_unexplored:haunted_forest"
"cobblemon:indeedee","datapacks/CCC_1.9.2/data/cobblemon/spawn_pool_world/0876_indeedee.json","indeedee","grounded","rare","1.0","28-46","minecraft:overworld","#cobblemon:is_magical"
"cobblemon:ironboulder","datapacks/CCC_1.9.2/data/paradox_spawns/spawn_pool_world/1022_ironboulder.json","ironboulder-1","grounded","ultra-rare","0.2","65-75","minecraft:overworld","#cobblemon:is_mountain"
"cobblemon:ironbundle","datapacks/CCC_1.9.2/data/paradox_spawns/spawn_pool_world/0991_ironbundle.json","ironbundle-1","grounded","ultra-rare","0.3","50-70","minecraft:overworld","#cobblemon:is_tundra"
"cobblemon:ironcrown","datapacks/CCC_1.9.2/data/paradox_spawns/spawn_pool_world/1023_ironcrown.json","ironcrown-1","grounded","ultra-rare","0.3","60-88","minecraft:overworld","minecraft:lush_caves"
"cobblemon:ironhands","datapacks/CCC_1.9.2/data/paradox_spawns/spawn_pool_world/0992_ironhands.json","ironhands_1","grounded","ultra-rare","0.2","30-50","minecraft:overworld","#cobblemon:is_mountain"
"cobblemon:ironjugulis","datapacks/CCC_1.9.2/data/paradox_spawns/spawn_pool_world/0993_ironjugulis.json","ironjugulis-1","grounded","ultra-rare","0.3","65-75","minecraft:overworld","#cobblemon:is_deep_dark"
"cobblemon:ironleaves","datapacks/CCC_1.9.2/data/paradox_spawns/spawn_pool_world/1010_ironleaves.json","ironleaves-1","grounded","ultra-rare","0.3","60-75","minecraft:overworld","#cobblemon:is_forest"
"cobblemon:ironmoth","datapacks/CCC_1.9.2/data/paradox_spawns/spawn_pool_world/0994_ironmoth.json","ironmoth-1","grounded","ultra-rare","0.3","35-79","minecraft:overworld","#cobblemon:is_hills"
"cobblemon:ironthorns","datapacks/CCC_1.9.2/data/paradox_spawns/spawn_pool_world/0995_ironthorns.json","ironthorns-1","grounded","ultra-rare","0.3","40-75","minecraft:overworld","#cobblemon:is_mountain"
"cobblemon:irontreads","datapacks/CCC_1.9.2/data/paradox_spawns/spawn_pool_world/0990_irontreads.json","irontreads-1","grounded","ultra-rare","0.2","50-70","minecraft:overworld","#cobblemon:is_mountain"
"cobblemon:ironvaliant","datapacks/CCC_1.9.2/data/paradox_spawns/spawn_pool_world/1006_ironvaliant.json","ironvaliant-1T","None","ultra-rare","0.2","40-75","minecraft:overworld","#cobblemon:is_plains"
"cobblemon:joltik","datapacks/Academy/data/cobblemon/spawn_pool_world/0595_joltik.json","joltik-1","grounded","common","5.4","7-32","minecraft:overworld","#cobblemon:is_badlands|#cobblemon:is_jungle|#cobblemon:is_savanna"
"cobblemon:joltik","datapacks/Academy/data/cobblemon/spawn_pool_world/0595_joltik.json","joltik-2","grounded","common","5.4","7-32","minecraft:overworld|minecraft:the_end","#cobblemon:is_overworld|#cobblemon:is_end"
"cobblemon:joltik","datapacks/Academy/data/cobblemon/spawn_pool_world/0595_joltik.json","joltik-3","grounded","common","9.0","7-32","minecraft:overworld",""
"cobblemon:kartana","datapacks/CCC_1.9.2/data/ultra_beasts_spawns/spawn_pool_world/0798_kartana.json","kartana-1","grounded","ultra-rare","0.2","70-100","minecraft:overworld","#cobblemon:is_bamboo"
"cobblemon:kingambit","datapacks/CCC_1.9.2/data/cobblemon/spawn_pool_world/0983_kingambit.json","kingambit-1","grounded","ultra-rare","1","52-85","minecraft:overworld","minecraft:bamboo_jungle"
"cobblemon:koffing","datapacks/CCC_1.9.2/data/cobblemon/spawn_pool_world/0109_koffing_galarian.json","koffing-galarian-1","grounded","common","1.0","9-34","minecraft:overworld","#cobblemon:is_overworld"
"cobblemon:litleo","datapacks/CCC_1.9.2/data/cobblemon/spawn_pool_world/0667_litleo.json","litleo-1","grounded","common","8.0","1-35","minecraft:overworld","#cobblemon:is_badlands|#cobblemon:is_savanna|#cobblemon:is_jungle"
"cobblemon:lokix","datapacks/CCC_1.9.2/data/cobblemon/spawn_pool_world/0920_lokix.json","lokix-1","grounded","common","4","25-45","minecraft:overworld","#cobblemon:is_savanna"
"cobblemon:lycanroc","datapacks/CCC_1.9.2/data/cobblemon/spawn_pool_world/0745_lycanroc.json","lycanroc-1","grounded","uncommon","1.5","29-45","minecraft:overworld","#cobblemon:is_hills"
"cobblemon:mandibuzz","datapacks/CCC_1.9.2/data/cobblemon/spawn_pool_world/0630_mandibuzz.json","mandibuzz-1","grounded","uncommon","0.5","54-63","minecraft:overworld","#cobblemon:is_badlands"
"cobblemon:mawile","datapacks/Academy/data/cobblemon/spawn_pool_world/0303_mawile.json","mawile-1","grounded","uncommon","6.0","13-38","minecraft:overworld","#cobblemon:is_deep_dark"
"cobblemon:mawile","datapacks/Academy/data/cobblemon/spawn_pool_world/0303_mawile.json","mawile-2","grounded","rare","6.0","13-38","minecraft:overworld|minecraft:the_end","#cobblemon:is_overworld|#cobblemon:is_end"
"cobblemon:mimejr","datapacks/CCC_1.9.2/data/cobblemon/spawn_pool_world/0439_mimejr_galarian.json","mimejr-1","grounded","uncommon","6.5","22-25","minecraft:overworld","#cobblemon:is_snowy"
"cobblemon:minior","datapacks/CCC_1.9.2/data/cobblemon/spawn_pool_world/0774_minior.json","minior-1","grounded","rare","9.0","20-30","minecraft:overworld","#cobblemon:is_overworld"
"cobblemon:minior","datapacks/CCC_1.9.2/data/cobblemon/spawn_pool_world/0774_minior.json","minior-2","grounded","uncommon","5.0","20-30","minecraft:overworld","#cobblemon:is_hills"
"cobblemon:minior","datapacks/CCC_1.9.2/data/cobblemon/spawn_pool_world/0774_minior.json","minior-3","grounded","uncommon","5.0","20-30","minecraft:overworld","#cobblemon:is_savanna"
"cobblemon:minior","datapacks/CCC_1.9.2/data/cobblemon/spawn_pool_world/0774_minior.json","minior-4","grounded","uncommon","5.0","20-30","minecraft:overworld","#cobblemon:is_plains"
"cobblemon:minior","datapacks/CCC_1.9.2/data/cobblemon/spawn_pool_world/0774_minior.json","minior-5","grounded","uncommon","5.0","20-30","minecraft:overworld","#cobblemon:is_jungle"
"cobblemon:minior","datapacks/CCC_1.9.2/data/cobblemon/spawn_pool_world/0774_minior.json","minior-6","grounded","uncommon","5.0","20-30","minecraft:overworld","#cobblemon:is_freshwater"
"cobblemon:minior","datapacks/CCC_1.9.2/data/cobblemon/spawn_pool_world/0774_minior.json","minior-7","grounded","uncommon","5.0","20-30","minecraft:overworld","#cobblemon:is_cold"
"cobblemon:minior","datapacks/CCC_1.9.2/data/cobblemon/spawn_pool_world/0774_minior.json","minior-8","grounded","uncommon","5.0","20-30","minecraft:overworld","#cobblemon:is_mountain"
"cobblemon:mothim","datapacks/CCC_1.9.2/data/cobblemon/spawn_pool_world/0414_mothim.json","mothim-1","grounded","common","2","10-25","minecraft:overworld","#cobblemon:is_forest"
"cobblemon:mrmime","datapacks/CCC_1.9.2/data/cobblemon/spawn_pool_world/0122_mrmime_galairan.json","mrmime-1","grounded","rare","6.5","32-42","minecraft:overworld","#cobblemon:is_snowy"
"cobblemon:muk","datapacks/CCC_1.9.2/data/cobblemon/spawn_pool_world/0089_muk_alolan.json","muk-2","grounded","uncommon","9.0","38-48","minecraft:overworld","#minecraft:is_beach"
"cobblemon:nihilego","datapacks/CCC_1.9.2/data/ultra_beasts_spawns/spawn_pool_world/0793_nihilego.json","nihilego-1","grounded","ultra-rare","0.3","60-88","minecraft:the_end","#minecraft:is_end"
"cobblemon:nosepass","datapacks/Academy/data/cobblemon/spawn_pool_world/0299_nosepass.json","nosepass-1","grounded","uncommon","5.52","13-38","minecraft:overworld|minecraft:the_end","#cobblemon:is_overworld|#cobblemon:is_end"
"cobblemon:nymble","datapacks/CCC_1.9.2/data/cobblemon/spawn_pool_world/0919_nymble.json","nymble-1","grounded","common","4","5-25","minecraft:overworld","#cobblemon:is_savanna"
"cobblemon:onix","datapacks/Academy/data/cobblemon/spawn_pool_world/0095_onix.json","onix-1","grounded","uncommon","5.52","14-39","minecraft:overworld|minecraft:the_end","#cobblemon:is_overworld|#cobblemon:is_end"
"cobblemon:onix","datapacks/Academy/data/cobblemon/spawn_pool_world/0095_onix.json","onix-2","grounded","uncommon","1.84","14-39","minecraft:the_nether","#cobblemon:nether/is_basalt"
"cobblemon:onix","datapacks/CCC_1.9.2/data/cobblemon/spawn_pool_world/0095_onix_crystal.json","onix-2","grounded","ultra-rare","0.1","70","minecraft:overworld","minecraft:dripstone_caves"
"cobblemon:oranguru","datapacks/CCC_1.9.2/data/cobblemon/spawn_pool_world/0765_oranguru.json","oranguru-1","grounded","uncommon","5.0","20-45","minecraft:overworld","#cobblemon:is_jungle"
"cobblemon:orbeetle","datapacks/CCC_1.9.2/data/cobblemon/spawn_pool_world/0826_orbeetle.json","orbeetle-1","grounded","rare","1.0","27-39","minecraft:overworld","#cobblemon:is_temperate"
"cobblemon:oricorio","datapacks/CCC_1.9.2/data/cobblemon/spawn_pool_world/0741_oricorio.json","oricorio-1","grounded","uncommon","3.0","18-33","minecraft:overworld","#cobblemon:is_plains|#cobblemon:is_hills"
"cobblemon:oricorio","datapacks/CCC_1.9.2/data/cobblemon/spawn_pool_world/0741_oricorio.json","oricorio-2","grounded","uncommon","3.0","18-33","minecraft:overworld","#cobblemon:is_mountain|#cobblemon:is_jungle"
"cobblemon:oricorio","datapacks/CCC_1.9.2/data/cobblemon/spawn_pool_world/0741_oricorio.json","oricorio-3","grounded","uncommon","3.0","18-33","minecraft:overworld","#cobblemon:is_floral"
"cobblemon:oricorio","datapacks/CCC_1.9.2/data/cobblemon/spawn_pool_world/0741_oricorio.json","oricorio-4","grounded","uncommon","3.0","18-33","minecraft:overworld","#cobblemon:is_forest"
"cobblemon:palpitoad","datapacks/CCC_1.9.2/data/cobblemon/spawn_pool_world/0536_palpitoad.json","deeper-palpitoad-1","submerged","uncommon","8.7","24-37","minecraft:overworld","deeperdarker:blooming_caverns|deeperdarker:deeplands|deeperdarker:echoing_forest"
"cobblemon:palpitoad","datapacks/CCC_1.9.2/data/cobblemon/spawn_pool_world/0536_palpitoad.json","deeper-palpitoad-2","fishing","uncommon","1.5","24-37","minecraft:overworld","deeperdarker:blooming_caverns|deeperdarker:deeplands|deeperdarker:echoing_forest"
"cobblemon:pancham","datapacks/CCC_1.9.2/data/cobblemon/spawn_pool_world/0674_pancham.json","pancham-1","grounded","uncommon","2.0","20-35","minecraft:overworld","#cobblemon:is_bamboo"
"cobblemon:pangoro","datapacks/CCC_1.9.2/data/cobblemon/spawn_pool_world/0675_pangoro.json","pangoro-1","grounded","rare","2.0","40-65","minecraft:overworld","#cobblemon:is_bamboo"
"cobblemon:passimian","datapacks/CCC_1.9.2/data/cobblemon/spawn_pool_world/0766_passimian.json","passimian-1","grounded","uncommon","5.0","20-45","minecraft:overworld","#cobblemon:is_jungle"
"cobblemon:passimian","datapacks/CCC_1.9.2/data/cobblemon/spawn_pool_world/0766_passimian.json","passimian-red-2","grounded","uncommon","2.0","20-45","minecraft:overworld","#cobblemon:is_jungle"
"cobblemon:pawmi","datapacks/CCC_1.9.2/data/cobblemon/spawn_pool_world/0921_pawmi.json","pawmi-1","grounded","uncommon","3.8","8-16","minecraft:overworld","#cobblemon:is_arid"
"cobblemon:pawmo","datapacks/CCC_1.9.2/data/cobblemon/spawn_pool_world/0922_pawmo.json","pawmo-1","grounded","uncommon","2.5","15-32","minecraft:overworld","#cobblemon:is_arid"
"cobblemon:pawmot","datapacks/CCC_1.9.2/data/cobblemon/spawn_pool_world/0923_pawmot.json","pawmot-1","grounded","uncommon","1.5","35-40","minecraft:overworld","#cobblemon:is_arid"
"cobblemon:pawniard","datapacks/CCC_1.9.2/data/cobblemon/spawn_pool_world/0624_pawniard.json","pawniard-1","grounded","uncommon","20","25-35","minecraft:overworld","#cobblemon:is_overworld"
"cobblemon:pawniard","datapacks/CCC_1.9.2/data/cobblemon/spawn_pool_world/0624_pawniard.json","pawniard-2","grounded","rare","10","25-35","minecraft:overworld","#cobblemon:is_basalt"
"cobblemon:pawniard","datapacks/CCC_1.9.2/data/cobblemon/spawn_pool_world/0624_pawniard.json","pawniard-3","grounded","uncommon","15","25-35","minecraft:the_nether","#minecraft:is_nether"
"cobblemon:pawniard","datapacks/CCC_1.9.2/data/cobblemon/spawn_pool_world/0624_pawniard.json","pawniard-4","grounded","common","20","25-35","minecraft:overworld","#cobblemon:is_overworld"
"cobblemon:pheromosa","datapacks/CCC_1.9.2/data/ultra_beasts_spawns/spawn_pool_world/0795_pheromosa.json","pheromosa-1","grounded","ultra-rare","0.05","55-65","minecraft:the_end","#minecraft:is_end"
"cobblemon:pikachu","datapacks/CCC_1.9.2/data/cobblemon/spawn_pool_world/0025_pikachu_cosmetic.json","pikachu-cosmetic","grounded","uncommon","1.84","16-32","minecraft:overworld","none"
"cobblemon:poipole","datapacks/CCC_1.9.2/data/ultra_beasts_spawns/spawn_pool_world/0803_poipole.json","poipole-1","grounded","ultra-rare","0.2","48-60","minecraft:the_end","#minecraft:is_end"
"cobblemon:poltchageist","datapacks/Academy/data/cobblemon/spawn_pool_world/1012_poltchageist.json","poltchageist-counterfeit-1","None","rare","0.495","26-51","minecraft:overworld","#cobblemon:is_overworld"
"cobblemon:poltchageist","datapacks/Academy/data/cobblemon/spawn_pool_world/1012_poltchageist.json","poltchageist-artisan-2","None","uncommon","0.03","26-51","minecraft:overworld","#cobblemon:is_overworld"
"cobblemon:probopass","datapacks/Academy/data/cobblemon/spawn_pool_world/0476_probopass.json","probopass-1","grounded","uncommon","0.48","33-53","minecraft:overworld|minecraft:the_end","#cobblemon:is_overworld|#cobblemon:is_end"
"cobblemon:pyroar","datapacks/CCC_1.9.2/data/cobblemon/spawn_pool_world/0668_pyroar.json","pyroar-1","grounded","uncommon","8.0","20-55","minecraft:overworld","#cobblemon:is_badlands|#cobblemon:is_savanna|#cobblemon:is_jungle"
"cobblemon:ragingbolt","datapacks/CCC_1.9.2/data/paradox_spawns/spawn_pool_world/1021_ragingbolt.json","ragingbolt-1","grounded","ultra-rare","0.2","70-80","minecraft:overworld","#cobblemon:is_plains"
"cobblemon:raticate","datapacks/Academy/data/cobblemon/spawn_pool_world/0020_raticate.json","raticate-1","grounded","common","1.0","20-41","minecraft:overworld","#cobblemon:is_grassland"
"cobblemon:raticate","datapacks/Academy/data/cobblemon/spawn_pool_world/0020_raticate.json","raticate-2","grounded","common","1.0","20-41","minecraft:overworld|minecraft:the_end","#cobblemon:is_overworld|#cobblemon:is_end"
"cobblemon:raticate","datapacks/Academy/data/cobblemon/spawn_pool_world/0020_raticate.json","raticate-3","grounded","uncommon","1.6","20-41","minecraft:overworld","#cobblemon:is_overworld"
"cobblemon:raticate","datapacks/Academy/data/cobblemon/spawn_pool_world/0020_raticate.json","raticate-alolan-4","grounded","common","1.0","20-41","minecraft:overworld","#cobblemon:is_overworld"
"cobblemon:raticate","datapacks/Academy/data/cobblemon/spawn_pool_world/0020_raticate.json","raticate-alolan-5","grounded","uncommon","1.6","20-41","minecraft:overworld","#cobblemon:is_overworld"
"cobblemon:raticate","datapacks/Academy/data/cobblemon/spawn_pool_world/0020_raticate.json","raticate-alolan-6","grounded","common","1.0","20-41","minecraft:overworld","#cobblemon:is_spooky"
"cobblemon:raticate","datapacks/Academy/data/cobblemon/spawn_pool_world/0020_raticate.json","raticate-alolan-7","grounded","uncommon","1.6","20-41","minecraft:overworld","#cobblemon:is_spooky"
"cobblemon:rattata","datapacks/Academy/data/cobblemon/spawn_pool_world/0019_rattata.json","rattata-1","grounded","common","9.0","1-25","minecraft:overworld","#cobblemon:is_grassland"
"cobblemon:rattata","datapacks/Academy/data/cobblemon/spawn_pool_world/0019_rattata.json","rattata-2","grounded","common","9.0","1-25","minecraft:overworld|minecraft:the_end","#cobblemon:is_overworld|#cobblemon:is_end"
"cobblemon:rattata","datapacks/Academy/data/cobblemon/spawn_pool_world/0019_rattata.json","rattata-3","grounded","uncommon","8.4","1-25","minecraft:overworld","#cobblemon:is_overworld"
"cobblemon:rattata","datapacks/Academy/data/cobblemon/spawn_pool_world/0019_rattata.json","rattata-alolan-4","grounded","common","9.0","1-25","minecraft:overworld","#cobblemon:is_overworld"
"cobblemon:rattata","datapacks/Academy/data/cobblemon/spawn_pool_world/0019_rattata.json","rattata-alolan-5","grounded","uncommon","8.4","1-25","minecraft:overworld","#cobblemon:is_overworld"
"cobblemon:rattata","datapacks/Academy/data/cobblemon/spawn_pool_world/0019_rattata.json","rattata-alolan-6","grounded","common","9.0","1-25","minecraft:overworld","#cobblemon:is_spooky"
"cobblemon:rattata","datapacks/Academy/data/cobblemon/spawn_pool_world/0019_rattata.json","rattata-alolan-7","grounded","uncommon","8.4","1-25","minecraft:overworld","#cobblemon:is_spooky"
"cobblemon:roaringmoon","datapacks/CCC_1.9.2/data/paradox_spawns/spawn_pool_world/1005_roaringmoon.json","roaringmoon-1","grounded","ultra-rare","0.2","65-75","minecraft:overworld","#cobblemon:is_mountain"
"cobblemon:rockruff","datapacks/CCC_1.9.2/data/cobblemon/spawn_pool_world/0744_rockruff.json","rockruff-1","grounded","uncommon","5.8","5-20","minecraft:overworld","#cobblemon:is_hills"
"cobblemon:rolycoly","datapacks/CCC_1.9.2/data/cobblemon/spawn_pool_world/0837_rolycoly.json","rolycoly-1","grounded","common","20","10-25","minecraft:overworld","#cobblemon:is_cave|#cobblemon:is_mountain"
"cobblemon:rolycoly","datapacks/CCC_1.9.2/data/cobblemon/spawn_pool_world/0837_rolycoly.json","rolycoly-2","grounded","uncommon","20","10-25","minecraft:overworld","#cobblemon:is_cave|#cobblemon:is_mountain"
"cobblemon:rotom","datapacks/Academy/data/cobblemon/spawn_pool_world/0479_rotom_fan.json","rotom-1","grounded","rare","10.0","20-75","minecraft:overworld","#cobblemon:is_mountain"
"cobblemon:rotom","datapacks/Academy/data/cobblemon/spawn_pool_world/0479_rotom_frost.json","rotom-1","grounded","rare","10.0","20-75","minecraft:overworld","#cobblemon:is_freezing"
"cobblemon:rotom","datapacks/Academy/data/cobblemon/spawn_pool_world/0479_rotom_heat.json","rotom-1","grounded","rare","10.0","20-75","minecraft:overworld","#cobblemon:is_desert"
"cobblemon:rotom","datapacks/Academy/data/cobblemon/spawn_pool_world/0479_rotom_mow.json","rotom-1","grounded","rare","10.0","20-75","minecraft:overworld","#cobblemon:is_grassland"
"cobblemon:rotom","datapacks/Academy/data/cobblemon/spawn_pool_world/0479_rotom_radio.json","rotom-1","grounded","rare","10.0","20-75","minecraft:overworld","#cobblemon:is_island"
"cobblemon:rotom","datapacks/Academy/data/cobblemon/spawn_pool_world/0479_rotom_wash.json","rotom-1","grounded","rare","10.0","20-75","minecraft:overworld","#cobblemon:is_beach"
"cobblemon:rotom","datapacks/CCC_1.9.2/data/cobblemon/spawn_pool_world/0479_rotom.json","rotom-1","grounded","rare","10.0","20-75","minecraft:overworld","#cobblemon:is_overworld"
"cobblemon:rotom","datapacks/CCC_1.9.2/data/cobblemon/spawn_pool_world/0479_rotom.json","rotom-2","grounded","uncommon","5.0","20-75","minecraft:overworld","#cobblemon:is_overworld"
"cobblemon:rotom","datapacks/CCC_1.9.2/data/cobblemon/spawn_pool_world/0479_rotom.json","rotom-3","grounded","uncommon","10.0","20-75","minecraft:overworld","#cobblemon:is_deep_dark"
"cobblemon:rotom","datapacks/CCC_1.9.2/data/cobblemon/spawn_pool_world/0479_rotom.json","rotom-4","grounded","ultra-rare","2.0","20-75","minecraft:overworld","#cobblemon:is_beach"
"cobblemon:runerigus","datapacks/CCC_1.9.2/data/cobblemon/spawn_pool_world/0867_runerigus.json","runerigus-1","grounded","uncommon","2.0","34-43","minecraft:overworld",""
"cobblemon:runerigus","datapacks/CCC_1.9.2/data/cobblemon/spawn_pool_world/0867_runerigus.json","runerigus-2","grounded","rare","1.0","34-43","minecraft:overworld","#cobblemon:is_overworld"
"cobblemon:sandshrew","datapacks/CCC_1.9.2/data/cobblemon/spawn_pool_world/0027_sandshrew_alolan.json","sandshrew-alolan-2","grounded","uncommon","9.0","5-30","minecraft:overworld","#cobblemon:is_glacial"
"cobblemon:sandslash","datapacks/CCC_1.9.2/data/cobblemon/spawn_pool_world/0028_sandslash_alolan.json","sandslash-alolan-1","grounded","uncommon","1.0","24-45","minecraft:overworld","#cobblemon:is_glacial"
"cobblemon:sandyshocks","datapacks/CCC_1.9.2/data/paradox_spawns/spawn_pool_world/0989_sandyshocks.json","sandyshocks-1","grounded","ultra-rare","0.2","47-67","minecraft:overworld","#cobblemon:is_dripstone"
"cobblemon:sawk","datapacks/CCC_1.9.2/data/cobblemon/spawn_pool_world/0539_sawk.json","sawk-1","grounded","rare","8","39-45","minecraft:overworld","#cobblemon:is_savanna"
"cobblemon:screamtail","datapacks/CCC_1.9.2/data/paradox_spawns/spawn_pool_world/0985_screamtail.json","screamtail-1","grounded","ultra-rare","0.3","48-80","minecraft:overworld","#cobblemon:is_dripstone"
"cobblemon:seismitoad","datapacks/CCC_1.9.2/data/cobblemon/spawn_pool_world/0537_seismitoad.json","deeper-seismitoad-1","submerged","uncommon","2.87","35-48","minecraft:overworld","deeperdarker:blooming_caverns|deeperdarker:deeplands|deeperdarker:echoing_forest"
"cobblemon:seismitoad","datapacks/CCC_1.9.2/data/cobblemon/spawn_pool_world/0537_seismitoad.json","deeper-seismitoad-2","fishing","uncommon","0.7","35-48","minecraft:overworld","deeperdarker:blooming_caverns|deeperdarker:deeplands|deeperdarker:echoing_forest"
"cobblemon:seviper","datapacks/CCC_1.9.2/data/cobblemon/spawn_pool_world/0336_seviper.json","seviper-1","grounded","common","3","10-45","minecraft:overworld","#cobblemon:is_grassland"
"cobblemon:sinistcha","datapacks/Academy/data/cobblemon/spawn_pool_world/1013_sinistcha.json","sinistcha-unremarkable-1","None","rare","2.405","6-31","minecraft:overworld","#cobblemon:is_overworld"
"cobblemon:sinistcha","datapacks/Academy/data/cobblemon/spawn_pool_world/1013_sinistcha.json","sinistcha-masterpiece-2","None","uncommon","0.095","6-31","minecraft:overworld","#cobblemon:is_overworld"
"cobblemon:skitty","datapacks/CCC_1.9.2/data/cobblemon/spawn_pool_world/0300_skitty.json","skitty-1","grounded","uncommon","3.4","15-32","aether:the_aether","aether:skyroot_woodland|aether:skyroot_meadow|aether:skyroot_grove|aether:skyroot_forest"
"cobblemon:skuntank","datapacks/CCC_1.9.2/data/cobblemon/spawn_pool_world/0435_skuntank.json","skuntank-1","grounded","uncommon","8.0","20-55","minecraft:overworld","#cobblemon:is_swamp"
"cobblemon:slitherwing","datapacks/CCC_1.9.2/data/paradox_spawns/spawn_pool_world/0988_slitherwing.json","slitherwing-1","grounded","ultra-rare","0.2","50-60","minecraft:overworld","#cobblemon:is_badlands"
"cobblemon:slurpuff","datapacks/CCC_1.9.2/data/cobblemon/spawn_pool_world/0685_slurpuff.json","slurpuff-1","grounded","uncommon","0.05","25-50","minecraft:overworld","#cobblemon:is_magical"
"cobblemon:snom","datapacks/CCC_1.9.2/data/cobblemon/spawn_pool_world/0872_snom.json","snom-1","grounded","common","4.0","13-23","minecraft:overworld","#cobblemon:is_tundra"
"cobblemon:snover","datapacks/CCC_1.9.2/data/cobblemon/spawn_pool_world/0459_snover.json","snover-1","grounded","common","7.0","7-32","minecraft:overworld","#cobblemon:is_snowy_taiga|#cobblemon:is_snowy_forest"
"cobblemon:spinarak","datapacks/Academy/data/cobblemon/spawn_pool_world/0167_spinarak.json","spinarak-1","grounded","common","5.4","1-25","minecraft:overworld","#cobblemon:is_forest|#cobblemon:is_jungle|#cobblemon:is_spooky"
"cobblemon:spinarak","datapacks/Academy/data/cobblemon/spawn_pool_world/0167_spinarak.json","spinarak-2","grounded","common","1.8","1-25","minecraft:overworld|minecraft:the_end","#cobblemon:is_overworld|#cobblemon:is_end"
"cobblemon:spinarak","datapacks/Academy/data/cobblemon/spawn_pool_world/0167_spinarak.json","spinarak-3","grounded","common","5.4","1-25","minecraft:overworld","#cobblemon:is_overworld"
"cobblemon:spinarak","datapacks/Academy/data/cobblemon/spawn_pool_world/0167_spinarak.json","spinarak-4","grounded","common","9.0","1-25","minecraft:overworld",""
"cobblemon:spinarak","datapacks/Academy/data/cobblemon/spawn_pool_world/0167_spinarak.json","spinarak-5","grounded","common","9.0","1-25","minecraft:overworld","#cobblemon:is_overworld"
"cobblemon:spritzee","datapacks/CCC_1.9.2/data/cobblemon/spawn_pool_world/0682_spritzee.json","spritzee-1","grounded","uncommon","2.75","15-28","aether:the_aether","#cobblemon:is_aether"
"cobblemon:stakataka","datapacks/CCC_1.9.2/data/ultra_beasts_spawns/spawn_pool_world/0805_stakataka.json","stakataka-1","grounded","ultra-rare","0.2","70-100","minecraft:overworld","minecraft:stony_peaks"
"cobblemon:steelix","datapacks/Academy/data/cobblemon/spawn_pool_world/0208_steelix.json","steelix-1","grounded","uncommon","0.48","34-51","minecraft:overworld|minecraft:the_end","#cobblemon:is_overworld|#cobblemon:is_end"
"cobblemon:steelix","datapacks/Academy/data/cobblemon/spawn_pool_world/0208_steelix.json","steelix-2","grounded","uncommon","0.16","34-51","minecraft:the_nether","#cobblemon:nether/is_basalt"
"cobblemon:stunfisk","datapacks/CCC_1.9.2/data/cobblemon/spawn_pool_world/0618_stunfisk_galarian.json","stunfisk-1","grounded","uncommon","8.0","23-47","minecraft:overworld","#cobblemon:is_swamp"
"cobblemon:stunfisk","datapacks/CCC_1.9.2/data/cobblemon/spawn_pool_world/0618_stunfisk_galarian.json","stunfisk_galar-2","grounded","uncommon","6.0","26-47","minecraft:overworld","#minecraft:is_taiga"
"cobblemon:stunky","datapacks/CCC_1.9.2/data/cobblemon/spawn_pool_world/0434_stunky.json","stunky-1","grounded","common","8.0","1-35","minecraft:overworld","#cobblemon:is_swamp"
"cobblemon:swalot","datapacks/CCC_1.9.2/data/cobblemon/spawn_pool_world/0317_swalot.json","deeper-swalot-1","grounded","uncommon","2.65","25-48","minecraft:overworld","deeperdarker:blooming_caverns"
"cobblemon:swirlix","datapacks/CCC_1.9.2/data/cobblemon/spawn_pool_world/0684_swirlix.json","swirlix-1","grounded","uncommon","9.0","5-30","minecraft:overworld","#cobblemon:is_magical"
"cobblemon:throh","datapacks/CCC_1.9.2/data/cobblemon/spawn_pool_world/0538_throh.json","throh-1","grounded","uncommon","3.0","12-62","minecraft:overworld","#cobblemon:is_mountain"
"cobblemon:tinkatink","datapacks/Academy/data/cobblemon/spawn_pool_world/0957_tinkatink.json","tinkatink-1","grounded","rare","18.0","5-30","minecraft:overworld","#cobblemon:is_overworld"
"cobblemon:tinkatink","datapacks/Academy/data/cobblemon/spawn_pool_world/0957_tinkatink.json","tinkatink-2","grounded","uncommon","8.4","5-30","aether:the_aether","#aether:is_aether"
"cobblemon:tinkaton","datapacks/Academy/data/cobblemon/spawn_pool_world/0959_tinkaton.json","tinkaton-1","grounded","rare","0.2","38-51","minecraft:overworld","#cobblemon:is_overworld"
"cobblemon:tinkaton","datapacks/Academy/data/cobblemon/spawn_pool_world/0959_tinkaton.json","tinkaton-2","grounded","uncommon","0.16","38-51","aether:the_aether","#aether:is_aether"
"cobblemon:tinkatuff","datapacks/Academy/data/cobblemon/spawn_pool_world/0958_tinkatuff.json","tinkatuff-1","grounded","rare","1.8","24-38","minecraft:overworld","#cobblemon:is_overworld"
"cobblemon:tinkatuff","datapacks/Academy/data/cobblemon/spawn_pool_world/0958_tinkatuff.json","tinkatuff-2","grounded","uncommon","1.44","24-38","aether:the_aether","#aether:is_aether"
"cobblemon:tympole","datapacks/CCC_1.9.2/data/cobblemon/spawn_pool_world/0535_tympole.json","deeper-tympole-1","submerged","common","11.7","12-28","minecraft:overworld","deeperdarker:blooming_caverns|deeperdarker:deeplands|deeperdarker:echoing_forest"
"cobblemon:tympole","datapacks/CCC_1.9.2/data/cobblemon/spawn_pool_world/0535_tympole.json","deeper-tympole-2","fishing","common","3.5","12-28","minecraft:overworld","deeperdarker:blooming_caverns|deeperdarker:deeplands|deeperdarker:echoing_forest"
"cobblemon:unown","datapacks/Academy/data/cobblemon/spawn_pool_world/0201_unown.json","unown-a-1","None","common","3.769","1-40","minecraft:the_end","#cobblemon:is_end"
"cobblemon:unown","datapacks/Academy/data/cobblemon/spawn_pool_world/0201_unown.json","unown-b-1","None","common","3.769","1-40","minecraft:the_end","#cobblemon:is_end"
"cobblemon:unown","datapacks/Academy/data/cobblemon/spawn_pool_world/0201_unown.json","unown-c-1","None","common","3.769","1-40","minecraft:the_end","#cobblemon:is_end"
"cobblemon:unown","datapacks/Academy/data/cobblemon/spawn_pool_world/0201_unown.json","unown-d-1","None","common","3.769","1-40","minecraft:the_end","#cobblemon:is_end"
"cobblemon:unown","datapacks/Academy/data/cobblemon/spawn_pool_world/0201_unown.json","unown-e-1","None","common","3.769","1-40","minecraft:the_end","#cobblemon:is_end"
"cobblemon:unown","datapacks/Academy/data/cobblemon/spawn_pool_world/0201_unown.json","unown-f-1","None","common","3.769","1-40","minecraft:the_end","#cobblemon:is_end"
"cobblemon:unown","datapacks/Academy/data/cobblemon/spawn_pool_world/0201_unown.json","unown-g-1","None","common","3.769","1-40","minecraft:the_end","#cobblemon:is_end"
"cobblemon:unown","datapacks/Academy/data/cobblemon/spawn_pool_world/0201_unown.json","unown-h-1","None","common","3.769","1-40","minecraft:the_end","#cobblemon:is_end"
"cobblemon:unown","datapacks/Academy/data/cobblemon/spawn_pool_world/0201_unown.json","unown-i-1","None","common","3.769","1-40","minecraft:the_end","#cobblemon:is_end"
"cobblemon:unown","datapacks/Academy/data/cobblemon/spawn_pool_world/0201_unown.json","unown-j-1","None","common","3.769","1-40","minecraft:the_end","#cobblemon:is_end"
"cobblemon:unown","datapacks/Academy/data/cobblemon/spawn_pool_world/0201_unown.json","unown-k-1","None","common","3.769","1-40","minecraft:the_end","#cobblemon:is_end"
"cobblemon:unown","datapacks/Academy/data/cobblemon/spawn_pool_world/0201_unown.json","unown-l-1","None","common","3.769","1-40","minecraft:the_end","#cobblemon:is_end"
"cobblemon:unown","datapacks/Academy/data/cobblemon/spawn_pool_world/0201_unown.json","unown-m-1","None","common","3.769","1-40","minecraft:the_end","#cobblemon:is_end"
"cobblemon:unown","datapacks/Academy/data/cobblemon/spawn_pool_world/0201_unown.json","unown-n-1","None","common","3.769","1-40","minecraft:the_end","#cobblemon:is_end"
"cobblemon:unown","datapacks/Academy/data/cobblemon/spawn_pool_world/0201_unown.json","unown-o-1","None","common","3.769","1-40","minecraft:the_end","#cobblemon:is_end"
"cobblemon:unown","datapacks/Academy/data/cobblemon/spawn_pool_world/0201_unown.json","unown-p-1","None","common","3.769","1-40","minecraft:the_end","#cobblemon:is_end"
"cobblemon:unown","datapacks/Academy/data/cobblemon/spawn_pool_world/0201_unown.json","unown-q-1","None","common","3.769","1-40","minecraft:the_end","#cobblemon:is_end"
"cobblemon:unown","datapacks/Academy/data/cobblemon/spawn_pool_world/0201_unown.json","unown-r-1","None","common","3.769","1-40","minecraft:the_end","#cobblemon:is_end"
"cobblemon:unown","datapacks/Academy/data/cobblemon/spawn_pool_world/0201_unown.json","unown-s-1","None","common","3.769","1-40","minecraft:the_end","#cobblemon:is_end"
"cobblemon:unown","datapacks/Academy/data/cobblemon/spawn_pool_world/0201_unown.json","unown-t-1","None","common","3.769","1-40","minecraft:the_end","#cobblemon:is_end"
"cobblemon:unown","datapacks/Academy/data/cobblemon/spawn_pool_world/0201_unown.json","unown-u-1","None","common","3.769","1-40","minecraft:the_end","#cobblemon:is_end"
"cobblemon:unown","datapacks/Academy/data/cobblemon/spawn_pool_world/0201_unown.json","unown-v-1","None","common","3.769","1-40","minecraft:the_end","#cobblemon:is_end"
"cobblemon:unown","datapacks/Academy/data/cobblemon/spawn_pool_world/0201_unown.json","unown-w-1","None","common","3.769","1-40","minecraft:the_end","#cobblemon:is_end"
"cobblemon:unown","datapacks/Academy/data/cobblemon/spawn_pool_world/0201_unown.json","unown-x-1","None","common","3.769","1-40","minecraft:the_end","#cobblemon:is_end"
"cobblemon:unown","datapacks/Academy/data/cobblemon/spawn_pool_world/0201_unown.json","unown-y-1","None","common","3.769","1-40","minecraft:the_end","#cobblemon:is_end"
"cobblemon:unown","datapacks/Academy/data/cobblemon/spawn_pool_world/0201_unown.json","unown-z-1","None","common","3.769","1-40","minecraft:the_end","#cobblemon:is_end"
"cobblemon:unown","datapacks/Academy/data/cobblemon/spawn_pool_world/0201_unown.json","unown-!-2","None","common","1.0","1-40","minecraft:the_end","#cobblemon:is_end"
"cobblemon:unown","datapacks/Academy/data/cobblemon/spawn_pool_world/0201_unown.json","unown-?-2","None","common","1.0","1-40","minecraft:the_end","#cobblemon:is_end"
"cobblemon:unown","datapacks/Academy/data/cobblemon/spawn_pool_world/0201_unown.json","unown-a-3","None","common","0.754","1-40","minecraft:overworld","#cobblemon:is_overworld"
"cobblemon:unown","datapacks/Academy/data/cobblemon/spawn_pool_world/0201_unown.json","unown-b-3","None","common","0.754","1-40","minecraft:overworld","#cobblemon:is_overworld"
"cobblemon:unown","datapacks/Academy/data/cobblemon/spawn_pool_world/0201_unown.json","unown-c-3","None","common","0.754","1-40","minecraft:overworld","#cobblemon:is_overworld"
"cobblemon:unown","datapacks/Academy/data/cobblemon/spawn_pool_world/0201_unown.json","unown-d-3","None","common","0.754","1-40","minecraft:overworld","#cobblemon:is_overworld"
"cobblemon:unown","datapacks/Academy/data/cobblemon/spawn_pool_world/0201_unown.json","unown-e-3","None","common","0.754","1-40","minecraft:overworld","#cobblemon:is_overworld"
"cobblemon:unown","datapacks/Academy/data/cobblemon/spawn_pool_world/0201_unown.json","unown-f-3","None","common","0.754","1-40","minecraft:overworld","#cobblemon:is_overworld"
"cobblemon:unown","datapacks/Academy/data/cobblemon/spawn_pool_world/0201_unown.json","unown-g-3","None","common","0.754","1-40","minecraft:overworld","#cobblemon:is_overworld"
"cobblemon:unown","datapacks/Academy/data/cobblemon/spawn_pool_world/0201_unown.json","unown-h-3","None","common","0.754","1-40","minecraft:overworld","#cobblemon:is_overworld"
"cobblemon:unown","datapacks/Academy/data/cobblemon/spawn_pool_world/0201_unown.json","unown-i-3","None","common","0.754","1-40","minecraft:overworld","#cobblemon:is_overworld"
"cobblemon:unown","datapacks/Academy/data/cobblemon/spawn_pool_world/0201_unown.json","unown-j-3","None","common","0.754","1-40","minecraft:overworld","#cobblemon:is_overworld"
"cobblemon:unown","datapacks/Academy/data/cobblemon/spawn_pool_world/0201_unown.json","unown-k-3","None","common","0.754","1-40","minecraft:overworld","#cobblemon:is_overworld"
"cobblemon:unown","datapacks/Academy/data/cobblemon/spawn_pool_world/0201_unown.json","unown-l-3","None","common","0.754","1-40","minecraft:overworld","#cobblemon:is_overworld"
"cobblemon:unown","datapacks/Academy/data/cobblemon/spawn_pool_world/0201_unown.json","unown-m-3","None","common","0.754","1-40","minecraft:overworld","#cobblemon:is_overworld"
"cobblemon:unown","datapacks/Academy/data/cobblemon/spawn_pool_world/0201_unown.json","unown-n-3","None","common","0.754","1-40","minecraft:overworld","#cobblemon:is_overworld"
"cobblemon:unown","datapacks/Academy/data/cobblemon/spawn_pool_world/0201_unown.json","unown-o-3","None","common","0.754","1-40","minecraft:overworld","#cobblemon:is_overworld"
"cobblemon:unown","datapacks/Academy/data/cobblemon/spawn_pool_world/0201_unown.json","unown-p-3","None","common","0.754","1-40","minecraft:overworld","#cobblemon:is_overworld"
"cobblemon:unown","datapacks/Academy/data/cobblemon/spawn_pool_world/0201_unown.json","unown-q-3","None","common","0.754","1-40","minecraft:overworld","#cobblemon:is_overworld"
"cobblemon:unown","datapacks/Academy/data/cobblemon/spawn_pool_world/0201_unown.json","unown-r-3","None","common","0.754","1-40","minecraft:overworld","#cobblemon:is_overworld"
"cobblemon:unown","datapacks/Academy/data/cobblemon/spawn_pool_world/0201_unown.json","unown-s-3","None","common","0.754","1-40","minecraft:overworld","#cobblemon:is_overworld"
"cobblemon:unown","datapacks/Academy/data/cobblemon/spawn_pool_world/0201_unown.json","unown-t-3","None","common","0.754","1-40","minecraft:overworld","#cobblemon:is_overworld"
"cobblemon:unown","datapacks/Academy/data/cobblemon/spawn_pool_world/0201_unown.json","unown-u-3","None","common","0.754","1-40","minecraft:overworld","#cobblemon:is_overworld"
"cobblemon:unown","datapacks/Academy/data/cobblemon/spawn_pool_world/0201_unown.json","unown-v-3","None","common","0.754","1-40","minecraft:overworld","#cobblemon:is_overworld"
"cobblemon:unown","datapacks/Academy/data/cobblemon/spawn_pool_world/0201_unown.json","unown-w-3","None","common","0.754","1-40","minecraft:overworld","#cobblemon:is_overworld"
"cobblemon:unown","datapacks/Academy/data/cobblemon/spawn_pool_world/0201_unown.json","unown-x-3","None","common","0.754","1-40","minecraft:overworld","#cobblemon:is_overworld"
"cobblemon:unown","datapacks/Academy/data/cobblemon/spawn_pool_world/0201_unown.json","unown-y-3","None","common","0.754","1-40","minecraft:overworld","#cobblemon:is_overworld"
"cobblemon:unown","datapacks/Academy/data/cobblemon/spawn_pool_world/0201_unown.json","unown-z-3","None","common","0.754","1-40","minecraft:overworld","#cobblemon:is_overworld"
"cobblemon:unown","datapacks/Academy/data/cobblemon/spawn_pool_world/0201_unown.json","unown-!-4","None","common","0.2","1-40","minecraft:overworld","#cobblemon:is_overworld"
"cobblemon:unown","datapacks/Academy/data/cobblemon/spawn_pool_world/0201_unown.json","unown-?-4","None","common","0.2","1-40","minecraft:overworld","#cobblemon:is_overworld"
"cobblemon:unown","datapacks/Academy/data/cobblemon/spawn_pool_world/0201_unown.json","unown-a-5","None","common","3.769","1-40","minecraft:overworld","the_bumblezone:howling_constructs"
"cobblemon:unown","datapacks/Academy/data/cobblemon/spawn_pool_world/0201_unown.json","unown-b-5","None","common","3.769","1-40","minecraft:overworld","the_bumblezone:howling_constructs"
"cobblemon:unown","datapacks/Academy/data/cobblemon/spawn_pool_world/0201_unown.json","unown-c-5","None","common","3.769","1-40","minecraft:overworld","the_bumblezone:howling_constructs"
"cobblemon:unown","datapacks/Academy/data/cobblemon/spawn_pool_world/0201_unown.json","unown-d-5","None","common","3.769","1-40","minecraft:overworld","the_bumblezone:howling_constructs"
"cobblemon:unown","datapacks/Academy/data/cobblemon/spawn_pool_world/0201_unown.json","unown-e-5","None","common","3.769","1-40","minecraft:overworld","the_bumblezone:howling_constructs"
"cobblemon:unown","datapacks/Academy/data/cobblemon/spawn_pool_world/0201_unown.json","unown-f-5","None","common","3.769","1-40","minecraft:overworld","the_bumblezone:howling_constructs"
"cobblemon:unown","datapacks/Academy/data/cobblemon/spawn_pool_world/0201_unown.json","unown-g-5","None","common","3.769","1-40","minecraft:overworld","the_bumblezone:howling_constructs"
"cobblemon:unown","datapacks/Academy/data/cobblemon/spawn_pool_world/0201_unown.json","unown-h-5","None","common","3.769","1-40","minecraft:overworld","the_bumblezone:howling_constructs"
"cobblemon:unown","datapacks/Academy/data/cobblemon/spawn_pool_world/0201_unown.json","unown-i-5","None","common","3.769","1-40","minecraft:overworld","the_bumblezone:howling_constructs"
"cobblemon:unown","datapacks/Academy/data/cobblemon/spawn_pool_world/0201_unown.json","unown-j-5","None","common","3.769","1-40","minecraft:overworld","the_bumblezone:howling_constructs"
"cobblemon:unown","datapacks/Academy/data/cobblemon/spawn_pool_world/0201_unown.json","unown-k-5","None","common","3.769","1-40","minecraft:overworld","the_bumblezone:howling_constructs"
"cobblemon:unown","datapacks/Academy/data/cobblemon/spawn_pool_world/0201_unown.json","unown-l-5","None","common","3.769","1-40","minecraft:overworld","the_bumblezone:howling_constructs"
"cobblemon:unown","datapacks/Academy/data/cobblemon/spawn_pool_world/0201_unown.json","unown-m-5","None","common","3.769","1-40","minecraft:overworld","the_bumblezone:howling_constructs"
"cobblemon:unown","datapacks/Academy/data/cobblemon/spawn_pool_world/0201_unown.json","unown-n-5","None","common","3.769","1-40","minecraft:overworld","the_bumblezone:howling_constructs"
"cobblemon:unown","datapacks/Academy/data/cobblemon/spawn_pool_world/0201_unown.json","unown-o-5","None","common","3.769","1-40","minecraft:overworld","the_bumblezone:howling_constructs"
"cobblemon:unown","datapacks/Academy/data/cobblemon/spawn_pool_world/0201_unown.json","unown-p-5","None","common","3.769","1-40","minecraft:overworld","the_bumblezone:howling_constructs"
"cobblemon:unown","datapacks/Academy/data/cobblemon/spawn_pool_world/0201_unown.json","unown-q-5","None","common","3.769","1-40","minecraft:overworld","the_bumblezone:howling_constructs"
"cobblemon:unown","datapacks/Academy/data/cobblemon/spawn_pool_world/0201_unown.json","unown-r-5","None","common","3.769","1-40","minecraft:overworld","the_bumblezone:howling_constructs"
"cobblemon:unown","datapacks/Academy/data/cobblemon/spawn_pool_world/0201_unown.json","unown-s-5","None","common","3.769","1-40","minecraft:overworld","the_bumblezone:howling_constructs"
"cobblemon:unown","datapacks/Academy/data/cobblemon/spawn_pool_world/0201_unown.json","unown-t-5","None","common","3.769","1-40","minecraft:overworld","the_bumblezone:howling_constructs"
"cobblemon:unown","datapacks/Academy/data/cobblemon/spawn_pool_world/0201_unown.json","unown-u-5","None","common","3.769","1-40","minecraft:overworld","the_bumblezone:howling_constructs"
"cobblemon:unown","datapacks/Academy/data/cobblemon/spawn_pool_world/0201_unown.json","unown-v-5","None","common","3.769","1-40","minecraft:overworld","the_bumblezone:howling_constructs"
"cobblemon:unown","datapacks/Academy/data/cobblemon/spawn_pool_world/0201_unown.json","unown-w-5","None","common","3.769","1-40","minecraft:overworld","the_bumblezone:howling_constructs"
"cobblemon:unown","datapacks/Academy/data/cobblemon/spawn_pool_world/0201_unown.json","unown-x-5","None","common","3.769","1-40","minecraft:overworld","the_bumblezone:howling_constructs"
"cobblemon:unown","datapacks/Academy/data/cobblemon/spawn_pool_world/0201_unown.json","unown-y-5","None","common","3.769","1-40","minecraft:overworld","the_bumblezone:howling_constructs"
"cobblemon:unown","datapacks/Academy/data/cobblemon/spawn_pool_world/0201_unown.json","unown-z-5","None","common","3.769","1-40","minecraft:overworld","the_bumblezone:howling_constructs"
"cobblemon:unown","datapacks/Academy/data/cobblemon/spawn_pool_world/0201_unown.json","unown-!-6","None","common","1.0","1-40","minecraft:overworld","the_bumblezone:howling_constructs"
"cobblemon:unown","datapacks/Academy/data/cobblemon/spawn_pool_world/0201_unown.json","unown-?-6","None","common","1.0","1-40","minecraft:overworld","the_bumblezone:howling_constructs"
"cobblemon:ursaluna","datapacks/CCC_1.9.2/data/cobblemon/spawn_pool_world/0901_ursaluna_bloodmoon.json","ursaluna-3","grounded","ultra-rare","0.1","70","minecraft:overworld","#minecraft:dark_forest"
"cobblemon:vikavolt","datapacks/CCC_1.9.2/data/cobblemon/spawn_pool_world/0738_vikavolt.json","vikavolt-1","grounded","common","2.0","35-50","minecraft:overworld","#cobblemon:is_forest|#cobblemon:is_jungle"
"cobblemon:vullaby","datapacks/CCC_1.9.2/data/cobblemon/spawn_pool_world/0629_vullaby.json","vullaby-1","grounded","common","3","10-25","minecraft:overworld","#cobblemon:is_badlands"
"cobblemon:walkingwake","datapacks/CCC_1.9.2/data/paradox_spawns/spawn_pool_world/1009_walkingwake.json","walkingwake-1","grounded","ultra-rare","0.2","65-80","minecraft:overworld","#cobblemon:is_deep_dark"
"cobblemon:weezing","datapacks/CCC_1.9.2/data/cobblemon/spawn_pool_world/0110_weezing_galarian.json","weezing-galarian-1","grounded","common","0.1","35-50","minecraft:overworld","#cobblemon:is_overworld"
"cobblemon:wobbuffet","datapacks/Academy/data/cobblemon/spawn_pool_world/0202_wobbuffet.json","wobbuffet-1","grounded","rare","2.5","15-41","minecraft:overworld|minecraft:the_end","#cobblemon:is_overworld|#cobblemon:is_end"
"cobblemon:wormadam","datapacks/CCC_1.9.2/data/cobblemon/spawn_pool_world/0413_wormadam.json","wormadam-1","grounded","common","0.5","20-65","minecraft:overworld","#cobblemon:is_forest|#cobblemon:is_plains|#cobblemon:is_jungle|#cobblemon:is_tropical_island"
"cobblemon:wormadam","datapacks/CCC_1.9.2/data/cobblemon/spawn_pool_world/0413_wormadam.json","wormadam-2","grounded","uncommon","2","15-32","minecraft:overworld","#cobblemon:is_arid"
"cobblemon:wormadam","datapacks/CCC_1.9.2/data/cobblemon/spawn_pool_world/0413_wormadam.json","wormadam-3","grounded","uncommon","2","15-32","minecraft:overworld","#cobblemon:is_floral"
"cobblemon:xurkitree","datapacks/CCC_1.9.2/data/ultra_beasts_spawns/spawn_pool_world/0796_xurkitree.json","xurkitree-1","grounded","ultra-rare","0.3","70-100","minecraft:overworld","minecraft:mangrove_swamp"
"cobblemon:yamask","datapacks/CCC_1.9.2/data/cobblemon/spawn_pool_world/0562_yamask_galarian.json","yamask-10","grounded","uncommon","20.0","10-33","minecraft:overworld",""
"cobblemon:yamask","datapacks/CCC_1.9.2/data/cobblemon/spawn_pool_world/0562_yamask_galarian.json","yamask-12","grounded","rare","10.0","10-33","minecraft:overworld","#cobblemon:is_overworld"
"cobblemon:zangoose","datapacks/CCC_1.9.2/data/cobblemon/spawn_pool_world/0335_zangoose.json","zangoose-1","grounded","uncommon","1.3","25-62","minecraft:overworld","#cobblemon:is_plains"
"cobblemon:zangoose","datapacks/CCC_1.9.2/data/cobblemon/spawn_pool_world/0335_zangoose.json","zangoose-2","grounded","rare","5","40-50","minecraft:overworld","#cobblemon:is_taiga"
"cobblemon:zubat","datapacks/Academy/data/cobblemon/spawn_pool_world/0041_zubat.json","zubat-1","grounded","common","1.8","1-25","minecraft:overworld","#cobblemon:is_forest|#cobblemon:is_swamp"
"cobblemon:zubat","datapacks/Academy/data/cobblemon/spawn_pool_world/0041_zubat.json","zubat-3","grounded","common","1.8","1-25","minecraft:overworld","#cobblemon:is_forest|#cobblemon:is_swamp"
"cobblemon:zubat","datapacks/Academy/data/cobblemon/spawn_pool_world/0041_zubat.json","zubat-4","grounded","common","9.0","1-25","minecraft:overworld|minecraft:the_end","#cobblemon:is_overworld|#cobblemon:is_end"
"cobblemon:zubat","datapacks/Academy/data/cobblemon/spawn_pool_world/0041_zubat.json","zubat-5","grounded","uncommon","8.4","1-25","minecraft:overworld","#cobblemon:is_overworld"
"cobblemon:zubat","datapacks/Academy/data/cobblemon/spawn_pool_world/0041_zubat.json","zubat-6","grounded","common","9.0","1-25","minecraft:overworld","#cobblemon:is_spooky"
"cobblemon:zubat","datapacks/Academy/data/cobblemon/spawn_pool_world/0041_zubat.json","zubat-8","grounded","uncommon","8.4","1-25","minecraft:overworld","#cobblemon:is_deep_dark"
"cobblemon:zubat","datapacks/Academy/data/cobblemon/spawn_pool_world/0041_zubat.json","zubat-9","grounded","common","9.0","1-25","aether:the_aether","#aether:is_aether"
